generation,fes_mean,best_f_mean,x1_mean,x2_mean,x3_mean,x4_mean,x5_mean,x6_mean,x7_mean,x8_mean,x9_mean,x10_mean
1,100.0,19.137322801532257,-0.8497628390663529,5.6943072704399835,8.562769066158454,3.3117887226936427,5.837929148425023,-7.140145937208234,1.7106943489176196,-2.492534793895257,-11.644536650661506,2.869309311552412
2,200.0,18.86156784003621,-0.6250042652580525,-1.610862108647409,5.012130765989698,0.2812939392702596,4.403767146941613,5.631886334068815,5.626967724951465,-10.674957078664873,-6.792404091806641,-1.3152968503000584
3,300.0,17.78944405846171,-6.336543577583642,0.012060906703048602,5.136341980159601,-3.17727324590492,-3.2699533624841224,-5.505870539288741,2.0177476449654757,0.8633013621308031,-2.050626917854264,-0.16164012692559027
4,400.0,17.208146421980288,-4.354475180079073,0.4427392210248657,3.6542617349594684,-0.48426668443319587,-3.4489663038452365,-1.9827252685576113,-2.403280893947954,3.333589668247665,-3.7101219108152796,0.9601311801720269
5,500.0,16.39307741276657,-7.777402410298722,4.873969193832169,2.869238394504758,-2.40470962447762,2.3083743868801796,-2.4557445726369904,-2.1482236990612575,-1.084944355631539,0.8436804306775111,1.4969609394988195
6,600.0,15.586285383989505,-1.4641868828022098,1.2107297199804812,3.877493001411307,-3.629654141440858,-2.484852999487025,0.9183340799963092,-2.7566222117382457,1.7256218231558649,0.2422974636921678,-1.4946511283246735
7,700.0,14.611265685037207,0.3101281578691227,1.5343804444690778,2.6998368158264165,-4.376714143147285,-0.4723639201767334,-1.5064492797817564,0.9354705661166924,1.6488431234805752,-0.7092384548051797,1.1883738711243041
8,800.0,12.999472651671706,2.4707543259890556,-0.5195008438515142,1.4266673817358564,0.4581088807283578,1.85704280361283,-3.7575561759257647,-0.28215785894558093,-1.3614533345310842,0.6723968124978191,-2.1766094860504106
9,900.0,12.182469932851138,-1.078689937245682,-1.855902543488051,-0.0904939475718463,-1.2977354785386572,-0.2250703788508006,1.22096458692407,0.3458106082717327,-3.8811829486258795,0.9178313901566518,-1.1039208571718357
10,1000.0,11.253922780021277,1.8446907737124445,0.6020043064469389,0.8365679722817749,-0.589003926735009,-2.5633944275579097,-1.8881714602978827,0.43473462307361216,-2.041332487701851,-0.6545024864841995,1.1468986320781043
11,1100.0,10.56424843003079,1.0244552513892047,-0.37758499400197665,4.28222316011161,-2.5440613838217683,-1.2365673539049582,-1.6357780647030644,-1.3448637914480694,0.5516869768588896,-0.408471251168309,-1.1082642844505213
12,1200.0,10.099574578118867,0.5838280478709577,-0.16370102066091374,2.2328139124769217,-3.188336176288186,-1.308455733778371,-1.242560368831514,-1.2386455655826065,1.5360027494531638,-0.42843964105757426,-1.63150353935226
13,1300.0,9.166317700632973,0.42532059569339875,1.3640479930138945,0.5011456407863134,-0.5105982440606226,-1.764674045974384,-2.1055516484297954,-1.0242647735331865,-0.32753472227237407,-0.18610399581611747,-1.1373321328997485
14,1400.0,8.50617331956396,-0.17505964451366243,0.02536623340027928,0.39475178991643284,-1.6074565358678718,-1.3922941297505256,0.7264885330464819,-0.7259563442537651,-1.1929392758785948,0.7986351579942255,0.3362119126151003
15,1500.0,8.058897616519154,0.9736274372476368,0.4522788705215263,-0.09174602631474112,-1.1253980853296537,-0.11045624652514041,0.06333432888269588,-0.536280445816977,-0.17384387342259605,-0.43261358325941357,1.3253607854435532
16,1600.0,7.081844390768476,1.763359778447563,-0.5002636595559332,0.7139459963458455,-1.612716420310866,0.5006903095567727,1.221680382859717,-0.6181285663986308,0.22379672960490032,0.6731030357966379,0.007289233076102253
17,1700.0,6.4801729828221495,0.6161442962499465,-0.000303599576078728,1.0757838976739482,-1.4432051725259023,0.22144528715470155,0.9351990029167776,-0.09058717544599046,0.5070441811927908,0.7262067588410496,0.18452617662664403
18,1800.0,6.155148970108597,0.5751477866838132,0.03915695158141079,0.5445298607989708,-0.14987228802929073,0.30583246579761003,1.1326595365490029,-0.30128454696009793,0.5625695097624414,0.7421460005428402,-0.7798050117980845
19,1900.0,5.828325572548087,1.2484115823509545,-0.00862642130864677,0.8387894419226241,-0.3596295733444003,-0.4593132187089708,0.2021227251938913,-0.22280658590984478,-0.31499928585001863,1.0756512732689354,0.2667463906903802
20,2000.0,5.046338172982326,-0.2738466856269507,0.01259651074400554,0.342068682201373,-1.0566470190620922,0.5325910393779043,-0.46505787223863465,0.1889972539061077,-0.2099238321954701,0.4560844482589183,-0.6749426980839541
21,2100.0,4.948209383109336,0.14272411623796566,0.023237406897380096,0.024881094710051822,-0.5572989183959892,-0.0019690232979692633,0.058215122704536215,0.27934809825351264,-0.7916200437755758,0.17554873421081804,-1.0251259969134614
22,2200.0,4.568160215755815,0.17939867745293148,0.16322652697950485,0.5459770887422432,0.19497351693240406,-0.14193272016723069,-0.1942209740092095,0.027092962349087556,-0.16985134605690858,0.13428216965987727,-0.6328243739497573
23,2300.0,4.346633592627382,0.19742018994372676,0.15639573697696338,0.21768930807597595,-0.1947531394230621,-0.1875394245526877,0.20851536818683777,0.10713194038165827,0.01931849101603276,0.14555880712728048,-0.8452833656671762
24,2400.0,4.03524049419976,0.0766632676528078,0.5697981907527875,-0.06739691355000173,-0.37488872811679874,-0.21909916024590306,0.34322785124969424,0.10169176738471522,0.04798223765156391,0.1315351190148871,-0.705650095588686
25,2500.0,3.811996401804825,0.1147396061059246,0.5107614539227298,-0.2580749040314053,-0.11813388942105862,-0.223510344949291,0.37645835475761225,0.39530011739197096,0.04798223765156391,0.5287445968427196,-0.518512299786521
26,2600.0,3.6504830181883277,0.16377251777173937,0.5254359459699858,0.1620192029365128,-0.20300664920773276,-0.15448986500413228,-0.3411650515948831,0.10870208773857042,-0.022916574998338192,0.12315975759951019,-0.7058776038689054
27,2700.0,3.5370002939407046,-0.19989994686253182,0.43550699288528794,-0.49388680924498773,-0.031230943176923008,-0.040248423564478865,-0.14788589656336604,-0.06282559694949195,0.03029125700412729,0.20063693336916044,-0.7135218459683637
28,2800.0,3.2494014564966704,0.13254999592409675,0.4881190566915503,-0.26659581832763113,-0.20365493693593723,-0.10838408805332675,0.36460434674565756,0.19078181074202455,-0.1371695337396139,0.209738498250651,-0.4159545948614262
29,2900.0,3.065529045393907,-0.13657560103941432,0.3809821991012985,-0.29521226954914853,0.0075037539413854715,-0.16679632759703802,-0.14410423667495495,0.06257586514997444,-0.08567137489236468,0.18980791465303617,-0.4562685893994865
30,3000.0,2.8273699485535633,0.017510191632450257,0.2907774304737663,-0.3258495951402124,0.17213290884052795,-0.3867142347978998,0.05536535113700634,0.18766368039333808,-0.3482871810614194,0.12646943051075069,-0.13318445015174285
31,3100.0,2.7096171020567037,-0.06553262188964151,0.22056571721501345,0.05919296421196859,0.11683415414248892,-0.15743973580990728,0.2225259765654955,-0.26489746112602675,-0.15301836880507053,0.2842699699376139,-0.003906839404494
32,3200.0,2.663163281667525,0.25697841387645,0.20822707421925252,-0.08645206434095769,-0.1296508360706265,-0.18777071269685233,0.1982983999300659,-0.24450749659563295,-0.15323411829653533,0.16354478256062205,-0.01376097307280905
33,3300.0,2.5400180434058837,0.31219634236626687,0.4576901715692484,-0.30674011948039537,-0.009990614685087051,-0.20513288283235648,0.12252755853016273,-0.1463642669055088,-0.18743894534972444,-0.06864031939827737,-0.009378503457024675
34,3400.0,2.4324767233284637,0.025296346525388435,0.38596107543300334,-0.05516245453990126,-0.18490332000817666,-0.15063297630280886,0.12556502521650997,0.04550249589845796,-0.2304660209947965,-0.10424641565715068,0.024781058889877552
35,3500.0,2.3039817065684867,-0.13890196172040745,0.35231663290894477,-0.05597576656599831,-0.19906753575844008,-0.11272827817281354,0.13283730797707377,0.05303161505168787,-0.2853913959684863,0.0383648934930708,0.039178220969185516
36,3600.0,2.141660585850226,-0.0859698566749394,0.36789266957691064,-0.33098052513607107,-0.07560130181321592,-0.2458746483802922,0.17046541218004477,0.10682228491979313,-0.006566616675381942,-0.1255625622167092,0.0059557273991161595
37,3700.0,2.1127950917939113,0.17260608538419728,0.36296083372042415,-0.3219819374117317,0.13029201842025276,-0.06125085074797594,0.21293085751985136,-0.0471476137633763,0.027524070836378155,0.04920432092124525,0.02724766245864362
38,3800.0,1.8730634287940628,-0.21556528237670886,0.3567716825543587,-0.04120181027492474,-0.09655442652711438,-0.27488853954852405,0.20247813155817224,-0.03944835054379152,-0.029519270310731715,-0.2014572740762562,-0.18226870568716091
39,3900.0,1.7149542623805734,0.19298150992933044,0.15048119299257096,0.030114990088885386,-0.11560828845551967,-0.2712490361073746,0.23753308218178254,-0.010400766945705232,-0.06839452505573076,-0.16384205971382465,0.017129312973039868
40,4000.0,1.5538632831317092,-0.1791181264885746,0.1325658539561803,-0.028455379404620857,-0.003445561159108801,-0.1146336718095401,0.24847522459380872,-0.018150195910617117,-0.05557098121582714,-0.05646093038518143,-0.04007093013922978
41,4100.0,1.355876530013258,-0.057361985037000074,0.14686575243234037,-0.08304848888698987,-0.03842506173362588,-0.11568525695675369,0.2395630862577401,0.021299266421372264,-0.056201627186607914,-0.019519562913566997,-0.024279358626232195
42,4200.0,1.286400792036805,-0.04634668070514499,0.18776595103495752,-0.029222447135563136,-0.06932908705507704,-0.11468914175058306,0.19186695590970754,-0.025270506981212255,-0.051692587456239135,0.02824485987459351,0.014448782558944256
43,4300.0,1.2835911485649798,-0.06880139954789585,0.1826464242324412,-0.0024835039170347352,-0.03828247936919904,-0.13615415969890335,0.19190994047010207,0.026167952624817765,-0.09628917919944238,-0.005257189282423841,-0.02237239584965207
44,4400.0,1.1745616775940722,-0.09071259350612229,-0.006264937281796621,-0.0019967863028119426,-0.03679853175604496,-0.1357411974331794,0.18400792944501726,0.05087227595804293,-0.007526013325614053,0.07382410737852572,0.020240641280057092
45,4500.0,1.0393237286057402,-0.07248017557258105,0.03006517513578748,-0.02457079920901061,-0.06589102791230525,-0.18739788401163732,0.15124686516032515,-0.0002305281043585322,-0.06329783368300776,-0.1309304967000771,-0.017073458154481223
46,4600.0,0.9864317247126084,-0.0788340469947548,0.02489221378630483,-0.013179444313100011,-0.05541510112881769,-0.1734728618457419,0.15494082352062288,-0.013263584903219916,-0.05700383318680946,-0.13616753703197004,0.020236849277673174
47,4700.0,0.9794307054122623,-0.044059660210701596,0.18543121244072142,-0.0317998592869473,-0.048293008290899456,-0.17383113442427095,0.16390228343073937,-0.009336091840224834,-0.016839896401285116,0.025017811863951155,0.026265617852289407
48,4800.0,0.9185146786916473,-0.006252595293769508,-0.008468997824158952,-0.02060578579013028,-0.07138490992342743,-0.03444216315226946,0.19084342482604827,0.0006731106950319754,-0.019403203560266806,0.04461077152819424,0.02336785593699276
49,4900.0,0.8711455378355136,0.0059897131715874906,-0.012113778180394816,-0.04859425667008577,-0.04987408740105572,-0.03724549340595007,0.16954949824324153,-0.01829060545242792,-0.016478202487235777,0.012577548752435067,0.024204820752117003
50,5000.0,0.7827788892278765,-0.033006662187869726,-0.007540833057986057,-0.048594218921494,-0.058050070294282774,-0.036162822274385276,0.17667622818896334,-0.010407207999626375,-0.04985336154650764,0.014486043519624143,0.02672032431773358
